pair,line,date1,date2,baseline_days,lidar,pol,med_coh_hh,n90_unw,n90_wrap,r_unw_90m,R_wrap_90m,r_unw_3m,R_wrap_3m
0,05208,2021-03-16,2021-03-22,6,2021-03-15,HH,0.348,69,4452,0.509,0.325,0.181,0.154
0,05208,2021-03-16,2021-03-22,6,2021-03-15,HV,0.348,1194,4452,0.119,0.201,0.093,0.127
0,05208,2021-03-16,2021-03-22,6,2021-03-15,VH,0.348,2319,4452,0.347,0.197,0.308,0.123
0,05208,2021-03-16,2021-03-22,6,2021-03-15,VV,0.348,3208,4452,0.487,0.396,0.404,0.187
1,23205,2021-03-16,2021-03-22,6,2021-03-15,HH,0.365,1965,3894,0.326,0.282,0.257,0.157
1,23205,2021-03-16,2021-03-22,6,2021-03-15,HV,0.365,3528,3894,0.257,0.296,0.23,0.162
1,23205,2021-03-16,2021-03-22,6,2021-03-15,VH,0.365,2431,3894,0.227,0.297,0.219,0.156
1,23205,2021-03-16,2021-03-22,6,2021-03-15,VV,0.365,3643,3894,0.298,0.321,0.235,0.18
2,23205,2021-03-10,2021-03-22,12,2021-03-15,HH,0.381,3715,3888,0.239,0.334,0.163,0.156
2,23205,2021-03-10,2021-03-22,12,2021-03-15,HV,0.381,3723,3888,0.186,0.301,0.143,0.159
2,23205,2021-03-10,2021-03-22,12,2021-03-15,VH,0.381,3637,3888,0.17,0.315,0.146,0.157
2,23205,2021-03-10,2021-03-22,12,2021-03-15,VV,0.381,3732,3888,0.162,0.25,0.12,0.153
3,05208,2021-03-10,2021-03-16,6,2021-03-15,HH,0.473,4452,4452,-0.261,0.256,-0.099,0.113
3,05208,2021-03-10,2021-03-16,6,2021-03-15,HV,0.473,4452,4452,-0.301,0.335,-0.124,0.123
3,05208,2021-03-10,2021-03-16,6,2021-03-15,VH,0.473,4452,4452,-0.308,0.337,-0.128,0.12
3,05208,2021-03-10,2021-03-16,6,2021-03-15,VV,0.473,4452,4452,-0.175,0.146,-0.049,0.123
4,23205,2021-03-10,2021-03-16,6,2021-03-15,HH,0.454,3852,3891,-0.173,0.201,-0.141,0.125
4,23205,2021-03-10,2021-03-16,6,2021-03-15,HV,0.454,3849,3891,-0.165,0.239,-0.142,0.137
4,23205,2021-03-10,2021-03-16,6,2021-03-15,VH,0.454,3839,3891,-0.181,0.238,-0.143,0.132
4,23205,2021-03-10,2021-03-16,6,2021-03-15,VV,0.454,3858,3891,-0.298,0.343,-0.203,0.178
5,23205,2021-03-03,2021-03-16,13,2021-03-15,HH,0.387,3684,3896,-0.306,0.345,-0.133,0.095
5,23205,2021-03-03,2021-03-16,13,2021-03-15,HV,0.387,3654,3896,-0.268,0.359,-0.118,0.105
5,23205,2021-03-03,2021-03-16,13,2021-03-15,VH,0.387,3656,3896,-0.254,0.34,-0.107,0.105
5,23205,2021-03-03,2021-03-16,13,2021-03-15,VV,0.387,3768,3896,-0.276,0.332,-0.104,0.101
6,05208,2021-03-03,2021-03-10,7,2021-03-15,HH,0.46,4452,4452,0.334,0.325,0.244,0.21
6,05208,2021-03-03,2021-03-10,7,2021-03-15,HV,0.46,4452,4452,0.27,0.27,0.219,0.189
6,05208,2021-03-03,2021-03-10,7,2021-03-15,VH,0.46,4452,4452,0.23,0.243,0.2,0.171
6,05208,2021-03-03,2021-03-10,7,2021-03-15,VV,0.46,4452,4452,0.381,0.37,0.282,0.248
7,23205,2021-03-03,2021-03-10,7,2021-03-15,HH,0.406,3675,3898,-0.062,0.109,0.043,0.09
7,23205,2021-03-03,2021-03-10,7,2021-03-15,HV,0.406,3709,3898,-0.047,0.12,0.036,0.079
7,23205,2021-03-03,2021-03-10,7,2021-03-15,VH,0.406,3641,3898,-0.112,0.134,0.03,0.083
7,23205,2021-03-03,2021-03-10,7,2021-03-15,VV,0.406,3726,3898,0.009,0.074,0.079,0.117
8,05208,2021-02-10,2021-03-03,21,2021-03-15,HH,0.379,3075,4452,0.593,0.507,0.449,0.255
8,05208,2021-02-10,2021-03-03,21,2021-03-15,HV,0.379,2927,4452,0.615,0.532,0.474,0.258
8,05208,2021-02-10,2021-03-03,21,2021-03-15,VH,0.379,3275,4452,0.491,0.546,0.424,0.263
8,05208,2021-02-10,2021-03-03,21,2021-03-15,VV,0.379,3015,4452,0.571,0.517,0.444,0.263
9,23205,2021-02-10,2021-03-03,21,2021-03-15,HH,0.354,3756,3894,0.071,0.11,0.024,0.048
9,23205,2021-02-10,2021-03-03,21,2021-03-15,HV,0.354,3761,3894,0.081,0.142,0.032,0.044
9,23205,2021-02-10,2021-03-03,21,2021-03-15,VH,0.354,3722,3894,0.081,0.125,0.031,0.035
9,23205,2021-02-10,2021-03-03,21,2021-03-15,VV,0.354,3764,3894,0.096,0.106,0.043,0.056
10,05208,2021-02-03,2021-02-10,7,2021-03-15,HH,0.496,4438,4452,0.448,0.462,0.325,0.282
10,05208,2021-02-03,2021-02-10,7,2021-03-15,HV,0.496,4432,4452,0.358,0.377,0.266,0.239
10,05208,2021-02-03,2021-02-10,7,2021-03-15,VH,0.496,4438,4452,0.365,0.376,0.261,0.226
10,05208,2021-02-03,2021-02-10,7,2021-03-15,VV,0.496,4425,4452,0.369,0.394,0.278,0.255
11,23205,2021-02-03,2021-02-10,7,2021-03-15,HH,0.408,3118,3889,0.537,0.561,0.408,0.33
11,23205,2021-02-03,2021-02-10,7,2021-03-15,HV,0.408,3125,3889,0.504,0.562,0.387,0.32
11,23205,2021-02-03,2021-02-10,7,2021-03-15,VH,0.408,3223,3889,0.512,0.558,0.374,0.308
11,23205,2021-02-03,2021-02-10,7,2021-03-15,VV,0.408,3111,3894,0.53,0.568,0.405,0.347
12,23205,2021-01-27,2021-02-10,14,2021-03-15,HH,0.348,3456,3888,-0.151,0.022,-0.096,0.083
12,23205,2021-01-27,2021-02-10,14,2021-03-15,HV,0.348,3279,3888,0.248,0.011,0.161,0.065
12,23205,2021-01-27,2021-02-10,14,2021-03-15,VH,0.348,3100,3888,0.23,0.006,0.131,0.059
12,23205,2021-01-27,2021-02-10,14,2021-03-15,VV,0.348,3429,3888,-0.13,0.055,-0.077,0.079
13,23205,2021-01-27,2021-02-03,7,2021-03-15,HH,0.376,227,3898,0.364,0.227,0.41,0.163
13,23205,2021-01-27,2021-02-03,7,2021-03-15,HV,0.376,228,3898,0.102,0.202,0.362,0.141
13,23205,2021-01-27,2021-02-03,7,2021-03-15,VH,0.376,665,3898,0.094,0.171,0.141,0.123
13,23205,2021-01-27,2021-02-03,7,2021-03-15,VV,0.376,0,3898,,0.187,,0.169
14,23205,2021-01-20,2021-02-03,14,2021-03-15,HH,0.342,2739,3898,-0.295,0.422,-0.187,0.176
14,23205,2021-01-20,2021-02-03,14,2021-03-15,HV,0.342,2994,3898,-0.429,0.39,-0.298,0.163
14,23205,2021-01-20,2021-02-03,14,2021-03-15,VH,0.342,3009,3898,-0.287,0.368,-0.221,0.153
14,23205,2021-01-20,2021-02-03,14,2021-03-15,VV,0.342,3227,3898,-0.282,0.386,-0.167,0.188
15,23205,2021-01-20,2021-01-27,7,2021-03-15,HH,0.395,3561,3898,0.025,0.161,0.082,0.079
15,23205,2021-01-20,2021-01-27,7,2021-03-15,HV,0.395,3655,3898,0.011,0.206,0.078,0.111
15,23205,2021-01-20,2021-01-27,7,2021-03-15,VH,0.395,3508,3898,-0.046,0.227,0.045,0.103
15,23205,2021-01-20,2021-01-27,7,2021-03-15,VV,0.395,3761,3898,-0.01,0.244,0.062,0.131
16,23205,2021-01-15,2021-01-27,12,2021-03-15,HH,0.357,2238,3891,-0.148,0.232,-0.028,0.036
16,23205,2021-01-15,2021-01-27,12,2021-03-15,HV,0.357,2538,3896,-0.047,0.151,0.036,0.057
16,23205,2021-01-15,2021-01-27,12,2021-03-15,VH,0.357,2098,3896,-0.142,0.159,-0.017,0.047
16,23205,2021-01-15,2021-01-27,12,2021-03-15,VV,0.357,3255,3896,-0.031,0.14,0.049,0.088
17,23205,2021-01-15,2021-01-20,5,2021-03-15,HH,0.482,3722,3897,0.354,0.356,0.303,0.222
17,23205,2021-01-15,2021-01-20,5,2021-03-15,HV,0.482,3724,3897,0.285,0.31,0.252,0.193
17,23205,2021-01-15,2021-01-20,5,2021-03-15,VH,0.482,3734,3897,0.266,0.282,0.244,0.18
17,23205,2021-01-15,2021-01-20,5,2021-03-15,VV,0.482,3512,3897,-0.354,0.321,-0.254,0.229
18,23205,2020-02-21,2020-03-11,19,2020-02-09,HH,0.351,2228,3891,-0.087,0.081,0.047,0.079
18,23205,2020-02-21,2020-03-11,19,2020-02-09,HV,0.351,1628,3891,0.021,0.104,0.113,0.075
18,23205,2020-02-21,2020-03-11,19,2020-02-09,VH,0.351,1548,3891,0.001,0.096,0.113,0.067
18,23205,2020-02-21,2020-03-11,19,2020-02-09,VV,0.351,2829,3891,-0.094,0.078,0.069,0.089
19,23205,2020-02-13,2020-02-21,8,2020-02-09,HH,0.387,2230,3898,0.248,0.094,0.207,0.155
19,23205,2020-02-13,2020-02-21,8,2020-02-09,HV,0.387,2550,3898,-0.04,0.112,0.084,0.142
19,23205,2020-02-13,2020-02-21,8,2020-02-09,VH,0.387,1373,3898,0.406,0.112,0.357,0.136
19,23205,2020-02-13,2020-02-21,8,2020-02-09,VV,0.387,2704,3891,-0.0,0.078,0.094,0.154
20,23205,2020-01-31,2020-02-13,13,2020-02-09,HH,0.306,1498,3896,-0.149,0.284,-0.051,0.043
20,23205,2020-01-31,2020-02-13,13,2020-02-09,HV,0.306,1433,3896,-0.1,0.264,-0.056,0.047
20,23205,2020-01-31,2020-02-13,13,2020-02-09,VH,0.306,1180,3896,-0.084,0.281,-0.054,0.043
20,23205,2020-01-31,2020-02-13,13,2020-02-09,VV,0.306,1670,3896,0.403,0.28,0.229,0.064
21,23205,2019-12-20,2020-01-31,42,2020-02-09,HH,0.296,808,3888,-0.203,0.143,-0.085,0.012
21,23205,2019-12-20,2020-01-31,42,2020-02-09,HV,0.296,868,3891,-0.177,0.153,-0.09,0.011
21,23205,2019-12-20,2020-01-31,42,2020-02-09,VH,0.296,734,3891,-0.101,0.165,-0.082,0.012
21,23205,2019-12-20,2020-01-31,42,2020-02-09,VV,0.296,858,3888,-0.222,0.124,-0.112,0.014
