date,swe_mm,depth_mm,tavg_c
2019-10-01,0.0,0.0,-0.4
2019-10-02,0.0,0.0,0.0
2019-10-03,0.0,0.0,4.2
2019-10-04,0.0,0.0,0.4
2019-10-05,0.0,0.0,0.7
2019-10-06,0.0,0.0,3.0
2019-10-07,0.0,0.0,6.6
2019-10-08,0.0,0.0,6.5
2019-10-09,0.0,0.0,-3.8
2019-10-10,0.0,0.0,-4.2
2019-10-11,0.0,0.0,-0.2
2019-10-12,0.0,0.0,3.8
2019-10-13,0.0,0.0,6.5
2019-10-14,0.0,0.0,4.8
2019-10-15,0.0,0.0,7.4
2019-10-16,0.0,0.0,11.0
2019-10-17,0.0,0.0,2.7
2019-10-18,0.0,0.0,-0.7
2019-10-19,17.8,152.4,-1.8
2019-10-20,20.3,152.4,-2.0
2019-10-21,20.3,127.0,0.5
2019-10-22,20.3,76.2,2.6
2019-10-23,20.3,50.8,1.1
2019-10-24,20.3,50.8,1.2
2019-10-25,20.3,50.8,6.5
2019-10-26,20.3,50.8,-0.7
2019-10-27,20.3,50.8,-5.8
2019-10-28,20.3,50.8,-6.5
2019-10-29,20.3,50.8,-10.5
2019-10-30,20.3,50.8,-7.9
2019-10-31,22.9,76.2,-3.0
2019-11-01,22.9,76.2,-1.8
2019-11-02,22.9,76.2,0.4
2019-11-03,22.9,50.8,2.9
2019-11-04,22.9,50.8,3.3
2019-11-05,22.9,50.8,3.9
2019-11-06,22.9,50.8,4.0
2019-11-07,22.9,50.8,2.8
2019-11-08,22.9,50.8,5.2
2019-11-09,22.9,50.8,5.7
2019-11-10,22.9,50.8,5.1
2019-11-11,22.9,50.8,0.2
2019-11-12,22.9,50.8,2.4
2019-11-13,20.3,50.8,2.1
2019-11-14,17.8,50.8,3.0
2019-11-15,15.2,50.8,4.9
2019-11-16,12.7,50.8,1.8
2019-11-17,10.2,25.4,3.6
2019-11-18,10.2,25.4,5.5
2019-11-19,10.2,25.4,2.1
2019-11-20,10.2,25.4,0.7
2019-11-21,10.2,25.4,-1.3
2019-11-22,10.2,25.4,-1.0
2019-11-23,10.2,25.4,-0.8
2019-11-24,10.2,25.4,-1.1
2019-11-25,10.2,25.4,-4.6
2019-11-26,10.2,25.4,-7.6
2019-11-27,17.8,127.0,-6.5
2019-11-28,17.8,76.2,-6.9
2019-11-29,20.3,76.2,-6.9
2019-11-30,20.3,101.6,-9.8
2019-12-01,33.0,228.6,-4.9
2019-12-02,38.1,203.2,-2.4
2019-12-03,38.1,203.2,-1.8
2019-12-04,38.1,177.8,-2.5
2019-12-05,38.1,177.8,-3.6
2019-12-06,38.1,177.8,-2.4
2019-12-07,55.9,279.4,0.0
2019-12-08,68.6,304.8,-1.4
2019-12-09,68.6,279.4,-6.4
2019-12-10,68.6,279.4,-5.5
2019-12-11,94.0,482.6,-2.0
2019-12-12,134.6,660.4,-0.9
2019-12-13,134.6,660.4,-4.0
2019-12-14,134.6,660.4,-6.4
2019-12-15,134.6,660.4,-8.1
2019-12-16,134.6,635.0,-11.9
2019-12-17,134.6,609.6,-9.2
2019-12-18,137.2,609.6,-4.4
2019-12-19,152.4,736.6,-3.0
2019-12-20,152.4,711.2,0.2
2019-12-21,152.4,711.2,2.0
2019-12-22,152.4,685.8,2.5
2019-12-23,152.4,660.4,-0.4
2019-12-24,160.0,711.2,-4.2
2019-12-25,160.0,660.4,-7.2
2019-12-26,160.0,660.4,-7.9
2019-12-27,160.0,635.0,-8.7
2019-12-28,160.0,685.8,-7.6
2019-12-29,160.0,660.4,-5.6
2019-12-30,160.0,660.4,-5.7
2019-12-31,175.3,711.2,-4.7
2020-01-01,198.1,863.6,-2.0
2020-01-02,200.7,838.2,-4.0
2020-01-03,200.7,812.8,-3.2
2020-01-04,203.2,838.2,-3.6
2020-01-05,213.4,889.0,-6.4
2020-01-06,223.5,939.8,-4.7
2020-01-07,223.5,939.8,-1.2
2020-01-08,233.7,965.2,-3.8
2020-01-09,243.8,1041.4,-7.2
2020-01-10,251.5,1117.6,-10.0
2020-01-11,294.6,1346.2,-5.3
2020-01-12,340.4,1727.2,-6.5
2020-01-13,355.6,1854.2,-8.3
2020-01-14,370.8,1752.6,-7.6
2020-01-15,370.8,1701.8,-10.1
2020-01-16,375.9,1701.8,-2.7
2020-01-17,381.0,1676.4,-7.0
2020-01-18,381.0,1625.6,-6.1
2020-01-19,383.5,1574.8,-4.2
2020-01-20,383.5,1524.0,1.0
2020-01-21,393.7,1574.8,-0.8
2020-01-22,393.7,1549.4,-4.5
2020-01-23,398.8,1524.0,-1.5
2020-01-24,416.6,1600.2,-0.9
2020-01-25,421.6,1498.6,-1.8
2020-01-26,447.0,1625.6,-1.2
2020-01-27,452.1,1676.4,-2.8
2020-01-28,475.0,1803.4,-2.5
2020-01-29,480.1,1778.0,-4.3
2020-01-30,480.1,1727.2,-4.1
2020-01-31,482.6,1727.2,-2.3
2020-02-01,485.1,1676.4,1.1
2020-02-02,485.1,1676.4,-4.6
2020-02-03,485.1,1676.4,-9.5
2020-02-04,485.1,1625.6,-11.4
2020-02-05,490.2,1727.2,-7.9
2020-02-06,523.2,1854.2,-0.9
2020-02-07,541.0,1854.2,0.0
2020-02-08,546.1,1803.4,-4.4
2020-02-09,546.1,1778.0,-6.5
2020-02-10,546.1,1778.0,-6.0
2020-02-11,546.1,1778.0,-5.8
2020-02-12,546.1,1752.6,-3.6
2020-02-13,546.1,1752.6,-3.4
2020-02-14,546.1,1727.2,-3.6
2020-02-15,551.2,1752.6,-4.7
2020-02-16,576.6,1955.8,-4.0
2020-02-17,579.1,1981.2,-9.2
2020-02-18,579.1,1930.4,-11.4
2020-02-19,579.1,1905.0,-10.4
2020-02-20,579.1,1905.0,-7.6
2020-02-21,579.1,1879.6,-3.5
2020-02-22,579.1,1854.2,-1.2
2020-02-23,579.1,1854.2,-2.0
2020-02-24,579.1,1828.8,-7.0
2020-02-25,579.1,1803.4,-6.7
2020-02-26,579.1,1778.0,-2.2
2020-02-27,579.1,1778.0,-1.3
2020-02-28,581.7,1752.6,1.8
2020-02-29,581.7,1727.2,-1.3
2020-03-01,581.7,1701.8,-4.6
2020-03-02,581.7,1701.8,-3.6
2020-03-03,584.2,1701.8,0.4
2020-03-04,584.2,1676.4,0.6
2020-03-05,584.2,1651.0,3.0
2020-03-06,586.7,1625.6,6.0
2020-03-07,596.9,1574.8,1.5
2020-03-08,599.4,1600.2,-1.2
2020-03-09,607.1,1625.6,-1.1
2020-03-10,607.1,1651.0,-1.2
2020-03-11,609.6,1600.2,1.2
2020-03-12,612.1,1625.6,-1.8
2020-03-13,612.1,1600.2,-1.3
2020-03-14,612.1,1651.0,0.2
2020-03-15,614.7,1625.6,-0.4
2020-03-16,617.2,1625.6,2.1
2020-03-17,617.2,1600.2,2.0
2020-03-18,619.8,1600.2,-1.8
2020-03-19,619.8,1574.8,0.2
2020-03-20,617.2,1574.8,1.2
2020-03-21,617.2,1549.4,1.0
2020-03-22,614.7,1524.0,0.6
2020-03-23,614.7,1524.0,0.8
2020-03-24,629.9,1549.4,-1.6
2020-03-25,629.9,1574.8,-4.9
2020-03-26,629.9,1600.2,-6.4
2020-03-27,629.9,1574.8,-3.8
2020-03-28,629.9,1549.4,-0.9
2020-03-29,637.5,1549.4,-0.3
2020-03-30,668.0,1752.6,-0.2
2020-03-31,711.2,2057.4,-2.4
2020-04-01,708.7,2006.6,-7.3
2020-04-02,708.7,1955.8,-7.1
2020-04-03,708.7,1930.4,-4.9
2020-04-04,708.7,1854.2,-1.4
2020-04-05,698.5,1854.2,1.7
2020-04-06,690.9,1803.4,2.8
2020-04-07,685.8,1752.6,4.0
2020-04-08,680.7,1701.8,5.8
2020-04-09,675.6,1625.6,7.7
2020-04-10,662.9,1574.8,7.4
2020-04-11,657.9,1574.8,2.7
2020-04-12,655.3,1549.4,-2.7
2020-04-13,655.3,1524.0,-3.7
2020-04-14,647.7,1498.6,0.3
2020-04-15,645.2,1473.2,0.5
2020-04-16,635.0,1498.6,-1.1
2020-04-17,622.3,1447.8,1.7
2020-04-18,614.7,1371.6,4.1
2020-04-19,594.4,1320.8,5.0
2020-04-20,574.0,1270.0,6.2
2020-04-21,553.7,1193.8,7.0
2020-04-22,535.9,1143.0,4.9
2020-04-23,523.2,1117.6,2.7
2020-04-24,505.5,1066.8,3.2
2020-04-25,487.7,1041.4,5.8
2020-04-26,454.7,965.2,7.1
2020-04-27,436.9,914.4,5.7
2020-04-28,411.5,838.2,7.8
2020-04-29,386.1,762.0,11.2
2020-04-30,355.6,736.6,7.2
2020-05-01,332.7,660.4,5.6
2020-05-02,312.4,609.6,8.0
2020-05-03,274.3,533.4,3.5
2020-05-04,248.9,482.6,4.2
2020-05-05,223.5,431.8,9.0
2020-05-06,190.5,381.0,5.0
2020-05-07,167.6,330.2,4.2
2020-05-08,134.6,254.0,8.4
2020-05-09,99.1,203.2,10.8
2020-05-10,55.9,101.6,13.2
2020-05-11,20.3,50.8,13.0
2020-05-12,0.0,0.0,5.8
2020-05-13,0.0,0.0,3.2
2020-05-14,0.0,0.0,2.7
2020-05-15,0.0,0.0,3.3
2020-05-16,0.0,0.0,6.9
2020-05-17,0.0,0.0,10.8
2020-05-18,0.0,0.0,5.5
2020-05-19,0.0,0.0,3.0
2020-05-20,0.0,0.0,1.3
2020-05-21,0.0,0.0,1.8
2020-05-22,0.0,0.0,1.7
2020-05-23,0.0,0.0,4.6
2020-05-24,0.0,0.0,7.5
2020-05-25,0.0,0.0,11.0
2020-05-26,0.0,0.0,11.5
2020-05-27,0.0,0.0,13.4
2020-05-28,0.0,0.0,17.0
2020-05-29,0.0,0.0,19.9
2020-05-30,0.0,0.0,19.7
2020-05-31,0.0,0.0,12.6
2020-06-01,0.0,0.0,12.0
2020-06-02,0.0,0.0,13.6
2020-06-03,0.0,0.0,15.3
2020-06-04,0.0,0.0,13.9
2020-06-05,0.0,0.0,18.4
2020-06-06,0.0,0.0,7.8
2020-06-07,0.0,0.0,0.7
2020-06-08,0.0,0.0,2.6
2020-06-09,0.0,0.0,6.1
2020-06-10,0.0,0.0,11.8
2020-06-11,0.0,0.0,16.5
2020-06-12,0.0,0.0,18.2
2020-06-13,0.0,0.0,6.7
2020-06-14,0.0,0.0,4.2
2020-06-15,0.0,0.0,6.4
2020-06-16,0.0,0.0,5.1
2020-06-17,0.0,0.0,4.4
2020-06-18,0.0,0.0,9.0
2020-06-19,0.0,0.0,11.9
2020-06-20,0.0,0.0,14.0
2020-06-21,0.0,0.0,14.8
2020-06-22,0.0,0.0,15.9
2020-06-23,0.0,0.0,18.6
2020-06-24,0.0,0.0,19.6
2020-06-25,0.0,0.0,17.8
2020-06-26,0.0,0.0,17.9
2020-06-27,0.0,0.0,15.6
2020-06-28,0.0,0.0,8.0
2020-06-29,0.0,0.0,3.6
2020-06-30,0.0,0.0,6.8
2020-07-01,0.0,0.0,9.5
2020-07-02,0.0,0.0,11.8
2020-07-03,0.0,0.0,15.6
2020-07-04,0.0,0.0,16.2
2020-07-05,0.0,0.0,15.4
2020-07-06,0.0,0.0,16.8
2020-07-07,0.0,0.0,13.7
2020-07-08,0.0,0.0,12.6
2020-07-09,0.0,0.0,15.6
2020-07-10,0.0,0.0,15.8
2020-07-11,0.0,0.0,19.2
2020-07-12,0.0,0.0,17.5
2020-07-13,0.0,0.0,14.1
2020-07-14,0.0,0.0,14.2
2020-07-15,0.0,0.0,16.4
2020-07-16,0.0,0.0,18.3
2020-07-17,0.0,0.0,18.8
2020-07-18,0.0,0.0,16.7
2020-07-19,0.0,0.0,17.6
2020-07-20,0.0,0.0,18.7
2020-07-21,0.0,0.0,19.7
2020-07-22,0.0,0.0,18.4
2020-07-23,0.0,0.0,16.3
2020-07-24,0.0,0.0,15.1
2020-07-25,0.0,0.0,16.8
2020-07-26,0.0,0.0,17.9
2020-07-27,0.0,0.0,20.3
2020-07-28,0.0,0.0,17.8
2020-07-29,0.0,0.0,18.7
2020-07-30,0.0,0.0,21.8
2020-07-31,0.0,0.0,24.0
2020-08-01,0.0,0.0,22.2
2020-08-02,0.0,0.0,22.4
2020-08-03,0.0,0.0,19.9
2020-08-04,0.0,0.0,18.5
2020-08-05,0.0,0.0,20.4
2020-08-06,0.0,0.0,18.6
2020-08-07,0.0,0.0,14.9
2020-08-08,0.0,0.0,15.5
2020-08-09,0.0,0.0,17.1
2020-08-10,0.0,0.0,16.8
2020-08-11,0.0,0.0,18.8
2020-08-12,0.0,0.0,17.0
2020-08-13,0.0,0.0,15.3
2020-08-14,0.0,0.0,15.9
2020-08-15,0.0,0.0,19.1
2020-08-16,0.0,0.0,21.4
2020-08-17,0.0,0.0,22.8
2020-08-18,0.0,0.0,22.6
2020-08-19,0.0,0.0,21.3
2020-08-20,0.0,0.0,18.9
2020-08-21,0.0,0.0,18.9
2020-08-22,0.0,0.0,18.7
2020-08-23,0.0,0.0,19.9
2020-08-24,0.0,0.0,18.3
2020-08-25,0.0,0.0,17.7
2020-08-26,0.0,0.0,18.3
2020-08-27,0.0,0.0,17.1
2020-08-28,0.0,0.0,17.1
2020-08-29,0.0,0.0,17.4
2020-08-30,0.0,0.0,12.8
2020-08-31,0.0,0.0,9.2
2020-09-01,0.0,0.0,13.3
2020-09-02,0.0,0.0,17.5
2020-09-03,0.0,0.0,19.2
2020-09-04,0.0,0.0,21.1
2020-09-05,0.0,0.0,21.8
2020-09-06,0.0,0.0,19.6
2020-09-07,0.0,0.0,13.6
2020-09-08,0.0,0.0,6.7
2020-09-09,0.0,0.0,11.1
2020-09-10,0.0,0.0,13.7
2020-09-11,0.0,0.0,16.0
2020-09-12,0.0,0.0,16.0
2020-09-13,0.0,0.0,17.3
2020-09-14,0.0,0.0,18.3
2020-09-15,0.0,0.0,17.0
2020-09-16,0.0,0.0,17.3
2020-09-17,0.0,0.0,19.2
2020-09-18,0.0,0.0,13.7
2020-09-19,0.0,0.0,9.2
2020-09-20,0.0,0.0,9.1
2020-09-21,0.0,0.0,13.4
2020-09-22,0.0,0.0,14.2
2020-09-23,0.0,0.0,15.0
2020-09-24,0.0,0.0,11.6
2020-09-25,0.0,0.0,8.5
2020-09-26,0.0,0.0,6.1
2020-09-27,0.0,0.0,6.5
2020-09-28,0.0,0.0,9.6
2020-09-29,0.0,0.0,12.8
2020-09-30,0.0,0.0,14.9
2020-10-01,0.0,0.0,14.9
2020-10-02,0.0,0.0,14.6
2020-10-03,0.0,0.0,13.7
2020-10-04,0.0,0.0,13.9
2020-10-05,0.0,0.0,12.7
2020-10-06,0.0,0.0,13.7
2020-10-07,0.0,0.0,13.2
2020-10-08,0.0,0.0,13.1
2020-10-09,0.0,0.0,11.6
2020-10-10,0.0,0.0,7.2
2020-10-11,0.0,0.0,1.7
2020-10-12,0.0,0.0,5.9
2020-10-13,0.0,0.0,6.6
2020-10-14,0.0,0.0,2.5
2020-10-15,0.0,0.0,1.8
2020-10-16,0.0,0.0,6.0
2020-10-17,0.0,0.0,8.2
2020-10-18,0.0,0.0,6.8
2020-10-19,0.0,0.0,7.7
2020-10-20,0.0,0.0,5.9
2020-10-21,0.0,0.0,3.3
2020-10-22,0.0,0.0,-2.0
2020-10-23,0.0,0.0,0.0
2020-10-24,0.0,0.0,0.2
2020-10-25,0.0,0.0,-5.9
2020-10-26,0.0,0.0,-3.5
2020-10-27,0.0,0.0,3.2
2020-10-28,0.0,0.0,5.7
2020-10-29,0.0,0.0,6.6
2020-10-30,0.0,0.0,7.1
2020-10-31,0.0,0.0,3.0
2020-11-01,0.0,0.0,6.4
2020-11-02,0.0,0.0,9.1
2020-11-03,0.0,0.0,9.4
2020-11-04,0.0,0.0,7.8
2020-11-05,0.0,0.0,9.1
2020-11-06,0.0,0.0,8.9
2020-11-07,0.0,0.0,2.4
2020-11-08,7.6,50.8,-5.8
2020-11-09,7.6,50.8,-7.6
2020-11-10,30.5,304.8,-6.5
2020-11-11,33.0,304.8,-6.8
2020-11-12,35.6,254.0,-8.6
2020-11-13,81.3,508.0,-3.7
2020-11-14,88.9,558.8,-5.3
2020-11-15,116.8,736.6,-1.2
2020-11-16,121.9,660.4,1.8
2020-11-17,134.6,685.8,4.6
2020-11-18,160.0,787.4,-0.1
2020-11-19,170.2,762.0,-3.8
2020-11-20,170.2,711.2,-8.4
2020-11-21,170.2,685.8,-8.7
2020-11-22,170.2,660.4,-5.7
2020-11-23,170.2,635.0,-4.7
2020-11-24,170.2,660.4,-5.6
2020-11-25,175.3,736.6,-4.7
2020-11-26,175.3,711.2,-7.8
2020-11-27,175.3,685.8,-6.5
2020-11-28,175.3,685.8,-4.9
2020-11-29,175.3,685.8,-4.2
2020-11-30,175.3,685.8,-2.5
2020-12-01,175.3,685.8,-6.1
2020-12-02,175.3,685.8,-5.3
2020-12-03,175.3,685.8,-3.8
2020-12-04,175.3,685.8,-4.9
2020-12-05,175.3,685.8,-0.8
2020-12-06,175.3,685.8,-1.2
2020-12-07,175.3,660.4,-1.2
2020-12-08,175.3,660.4,1.6
2020-12-09,175.3,660.4,0.3
2020-12-10,175.3,660.4,-5.7
2020-12-11,175.3,635.0,-7.9
2020-12-12,175.3,635.0,-10.4
2020-12-13,180.3,711.2,-8.0
2020-12-14,182.9,711.2,-6.4
2020-12-15,188.0,762.0,-5.5
2020-12-16,195.6,812.8,-2.5
2020-12-17,213.4,863.6,-2.4
2020-12-18,213.4,838.2,-4.3
2020-12-19,215.9,863.6,-2.8
2020-12-20,243.8,914.4,-0.4
2020-12-21,243.8,889.0,3.2
2020-12-22,246.4,939.8,-6.2
2020-12-23,246.4,939.8,-11.2
2020-12-24,246.4,939.8,-5.6
2020-12-25,246.4,914.4,-1.6
2020-12-26,276.9,1016.0,-2.8
2020-12-27,276.9,1016.0,-8.4
2020-12-28,276.9,1016.0,-9.1
2020-12-29,276.9,1016.0,-7.1
2020-12-30,287.0,1143.0,-5.8
2020-12-31,289.6,1168.4,-3.9
2021-01-01,292.1,1117.6,-3.8
2021-01-02,297.2,1143.0,-3.1
2021-01-03,335.3,1371.6,-3.0
2021-01-04,358.1,1473.2,-2.0
2021-01-05,358.1,1447.8,-5.2
2021-01-06,360.7,1397.0,-4.4
2021-01-07,368.3,1473.2,-3.5
2021-01-08,368.3,1397.0,-5.6
2021-01-09,368.3,1346.2,-7.2
2021-01-10,368.3,1320.8,-7.3
2021-01-11,370.8,1295.4,-5.3
2021-01-12,414.0,1498.6,-0.6
2021-01-13,419.1,1549.4,-2.1
2021-01-14,419.1,1524.0,-5.7
2021-01-15,421.6,1447.8,-2.1
2021-01-16,421.6,1447.8,-3.6
2021-01-17,421.6,1447.8,-2.3
2021-01-18,421.6,1422.4,-4.8
2021-01-19,421.6,1422.4,-6.6
2021-01-20,421.6,1397.0,-4.9
2021-01-21,424.2,1422.4,-3.1
2021-01-22,424.2,1422.4,-3.2
2021-01-23,424.2,1422.4,-5.3
2021-01-24,424.2,1422.4,-8.9
2021-01-25,424.2,1397.0,-8.9
2021-01-26,424.2,1371.6,-8.9
2021-01-27,439.4,1524.0,-5.5
2021-01-28,452.1,1625.6,-2.8
2021-01-29,464.8,1752.6,-1.8
2021-01-30,464.8,1727.2,-4.2
2021-01-31,464.8,1676.4,-4.3
2021-02-01,467.4,1651.0,1.1
2021-02-02,480.1,1752.6,1.4
2021-02-03,482.6,1701.8,-5.9
2021-02-04,485.1,1701.8,-6.4
2021-02-05,497.8,1727.2,-3.6
2021-02-06,497.8,1701.8,-2.7
2021-02-07,497.8,1676.4,-4.8
2021-02-08,497.8,1651.0,-6.9
2021-02-09,497.8,1625.6,-6.1
2021-02-10,497.8,1625.6,-6.2
2021-02-11,508.0,1676.4,-4.4
2021-02-12,520.7,1752.6,-4.3
2021-02-13,538.5,1854.2,-5.0
2021-02-14,543.6,1930.4,-7.6
2021-02-15,574.0,2032.0,-3.7
2021-02-16,586.7,2108.2,-4.6
2021-02-17,586.7,2082.8,-6.9
2021-02-18,594.4,2108.2,-9.1
2021-02-19,617.2,2235.2,-4.0
2021-02-20,619.8,2184.4,-5.5
2021-02-21,622.3,2159.0,-5.8
2021-02-22,629.9,2133.6,-1.8
2021-02-23,632.5,2133.6,-6.0
2021-02-24,632.5,2108.2,-7.9
2021-02-25,637.5,2133.6,-9.1
2021-02-26,668.0,2336.8,-7.1
2021-02-27,670.6,2336.8,-8.9
2021-02-28,670.6,2260.6,-9.3
2021-03-01,670.6,2209.8,-4.0
2021-03-02,670.6,2159.0,-0.4
2021-03-03,670.6,2108.2,0.8
2021-03-04,670.6,2082.8,2.0
2021-03-05,670.6,2006.6,4.0
2021-03-06,683.3,2006.6,0.4
2021-03-07,683.3,2006.6,-2.0
2021-03-08,683.3,1981.2,-0.9
2021-03-09,683.3,1981.2,-4.5
2021-03-10,683.3,1955.8,-4.8
2021-03-11,683.3,1930.4,-2.9
2021-03-12,683.3,1930.4,-2.4
2021-03-13,683.3,1905.0,0.5
2021-03-14,683.3,1879.6,2.6
2021-03-15,683.3,1854.2,3.0
2021-03-16,683.3,1803.4,2.6
2021-03-17,683.3,1778.0,2.3
2021-03-18,685.8,1752.6,5.2
2021-03-19,703.6,1752.6,1.4
2021-03-20,703.6,1752.6,-1.6
2021-03-21,703.6,1752.6,-3.1
2021-03-22,711.2,1803.4,-3.0
2021-03-23,711.2,1778.0,-2.6
2021-03-24,726.4,1803.4,-3.9
2021-03-25,731.5,1828.8,-2.1
2021-03-26,731.5,1803.4,-1.3
2021-03-27,731.5,1778.0,1.4
2021-03-28,731.5,1727.2,6.5
2021-03-29,731.5,1727.2,-6.1
2021-03-30,731.5,1727.2,-4.7
2021-03-31,726.4,1676.4,-0.7
2021-04-01,713.7,1625.6,5.2
2021-04-02,698.5,1574.8,7.5
2021-04-03,680.7,1524.0,8.2
2021-04-04,660.4,1473.2,7.7
2021-04-05,642.6,1422.4,1.2
2021-04-06,635.0,1397.0,2.0
2021-04-07,617.2,1346.2,4.6
2021-04-08,604.5,1320.8,-0.8
2021-04-09,599.4,1295.4,0.1
2021-04-10,589.3,1244.6,1.1
2021-04-11,586.7,1219.2,-2.9
2021-04-12,579.1,1219.2,-1.6
2021-04-13,569.0,1193.8,0.8
2021-04-14,553.7,1168.4,0.2
2021-04-15,538.5,1117.6,2.0
2021-04-16,515.6,1066.8,2.9
2021-04-17,492.8,1041.4,4.9
2021-04-18,457.2,990.6,6.7
2021-04-19,421.6,914.4,4.9
2021-04-20,401.3,863.6,2.6
2021-04-21,378.5,812.8,3.9
2021-04-22,353.1,787.4,4.0
2021-04-23,340.4,736.6,4.1
2021-04-24,340.4,711.2,2.5
2021-04-25,348.0,787.4,0.3
2021-04-26,348.0,762.0,0.3
2021-04-27,335.3,736.6,3.4
2021-04-28,307.3,685.8,7.1
2021-04-29,269.2,635.0,10.6
2021-04-30,233.7,533.4,12.2
2021-05-01,198.1,482.6,8.1
2021-05-02,170.2,381.0,5.7
2021-05-03,154.9,330.2,5.4
2021-05-04,129.5,304.8,5.9
2021-05-05,99.1,228.6,8.0
2021-05-06,61.0,101.6,13.2
2021-05-07,22.9,50.8,6.4
2021-05-08,0.0,0.0,0.7
2021-05-09,0.0,0.0,2.4
2021-05-10,0.0,0.0,3.0
2021-05-11,0.0,0.0,5.9
2021-05-12,0.0,0.0,9.6
2021-05-13,0.0,0.0,12.3
2021-05-14,0.0,0.0,10.6
2021-05-15,0.0,0.0,11.4
2021-05-16,0.0,0.0,13.8
2021-05-17,0.0,0.0,14.1
2021-05-18,0.0,0.0,10.9
2021-05-19,0.0,0.0,5.8
2021-05-20,0.0,0.0,3.3
2021-05-21,0.0,0.0,4.4
2021-05-22,0.0,0.0,3.5
2021-05-23,0.0,0.0,3.5
2021-05-24,0.0,0.0,5.0
2021-05-25,0.0,0.0,5.0
2021-05-26,0.0,0.0,6.1
2021-05-27,0.0,0.0,11.1
2021-05-28,0.0,0.0,8.9
2021-05-29,0.0,0.0,10.4
2021-05-30,0.0,0.0,13.6
2021-05-31,0.0,0.0,15.8
2021-06-01,0.0,0.0,17.2
2021-06-02,0.0,0.0,20.0
2021-06-03,0.0,0.0,21.7
2021-06-04,0.0,0.0,19.8
2021-06-05,0.0,0.0,15.4
2021-06-06,0.0,0.0,9.8
2021-06-07,0.0,0.0,11.7
2021-06-08,0.0,0.0,14.1
2021-06-09,0.0,0.0,13.8
2021-06-10,0.0,0.0,2.9
2021-06-11,0.0,0.0,8.1
2021-06-12,0.0,0.0,13.9
2021-06-13,0.0,0.0,20.3
2021-06-14,0.0,0.0,20.3
2021-06-15,0.0,0.0,16.7
2021-06-16,0.0,0.0,14.0
2021-06-17,0.0,0.0,16.0
2021-06-18,0.0,0.0,18.3
2021-06-19,0.0,0.0,18.7
2021-06-20,0.0,0.0,17.2
2021-06-21,0.0,0.0,18.7
2021-06-22,0.0,0.0,20.1
2021-06-23,0.0,0.0,17.3
2021-06-24,0.0,0.0,18.4
2021-06-25,0.0,0.0,18.3
2021-06-26,0.0,0.0,20.3
2021-06-27,0.0,0.0,21.7
2021-06-28,0.0,0.0,22.5
2021-06-29,0.0,0.0,23.1
2021-06-30,0.0,0.0,21.7
