location,state,date,dataset,note,uavsar_overlap,site,flag
Senator Beck Basin,CO,2016-09-26,"ASO snow-off DTM (bare-earth reference, ASO_3M_PCDTM)",snow-off DTM (bare-earth reference surface),"irnton,tellur",USCOSB,
Uncompahgre Basin,CO,2014-09-10,"ASO snow-off DTM (bare-earth reference, ASO_3M_PCDTM)",snow-off DTM (bare-earth reference surface),"irnton,tellur",USCOUB,
Cherry-Eleanor,CA,2016-04-01,ASO lidar (NSIDC 2013-19),,"SMAP13,tuolum",USCACE,
Cherry-Eleanor,CA,2016-04-07,ASO lidar (NSIDC 2013-19),,"SMAP13,tuolum",USCACE,
Cherry-Eleanor,CA,2016-04-16,ASO lidar (NSIDC 2013-19),,"SMAP13,tuolum",USCACE,
Cherry-Eleanor,CA,2016-04-26,ASO lidar (NSIDC 2013-19),,"SMAP13,tuolum",USCACE,
Cherry-Eleanor,CA,2017-01-29,ASO lidar (NSIDC 2013-19),,"SMAP13,tuolum",USCACE,
Cherry-Eleanor,CA,2018-04-23,ASO lidar (NSIDC 2013-19),,"SMAP13,tuolum",USCACE,
San Joaquin West (JW),CA,2018-04-23,ASO lidar (NSIDC 2013-19),,"SMAP13,sierra,tuolum",USCAJW,
San Joaquin West (JW),CA,2019-03-15,ASO lidar (NSIDC 2013-19),,"SMAP13,sierra,tuolum",USCAJW,
Kings Canyon,CA,2015-04-03,ASO lidar (NSIDC 2013-19),,sierra,USCAKC,
Kings Canyon,CA,2015-04-12,ASO lidar (NSIDC 2013-19),,sierra,USCAKC,
Kings Canyon,CA,2015-04-26,ASO lidar (NSIDC 2013-19),,sierra,USCAKC,
Kings Canyon,CA,2018-04-26,ASO lidar (NSIDC 2013-19),,sierra,USCAKC,
Kings Canyon,CA,2019-03-16,ASO lidar (NSIDC 2013-19),,sierra,USCAKC,
Kings Canyon,CA,2019-03-26,ASO lidar (NSIDC 2013-19),,sierra,USCAKC,
Kings Canyon,CA,2019-04-18,ASO lidar (NSIDC 2013-19),,sierra,USCAKC,
Kings Canyon,CA,2019-04-27,ASO lidar (NSIDC 2013-19),,sierra,USCAKC,
Kings Canyon,CA,2019-04-28,ASO lidar (NSIDC 2013-19),,sierra,USCAKC,
Kern,CA,2018-04-26,ASO lidar (NSIDC 2013-19),,sierra,USCAKN,
Kern,CA,2019-04-17,ASO lidar (NSIDC 2013-19),,sierra,USCAKN,
Lakes Basin (Mammoth),CA,2015-04-28,ASO lidar (NSIDC 2013-19),,"SMAP13,sierra",USCALB,
Lakes Basin (Mammoth),CA,2017-01-28,ASO lidar (NSIDC 2013-19),,"SMAP13,sierra",USCALB,
Lakes Basin (Mammoth),CA,2018-04-22,ASO lidar (NSIDC 2013-19),,"SMAP13,sierra",USCALB,
Lakes Basin (Mammoth),CA,2019-03-09,ASO lidar (NSIDC 2013-19),,"SMAP13,sierra",USCALB,
Merced Basin,CA,2014-03-24,ASO lidar (NSIDC 2013-19),,"SMAP13,tuolum",USCAMB,
Merced Basin,CA,2014-04-06,ASO lidar (NSIDC 2013-19),,"SMAP13,tuolum",USCAMB,
Merced Basin,CA,2014-04-14,ASO lidar (NSIDC 2013-19),,"SMAP13,tuolum",USCAMB,
Merced Basin,CA,2014-04-23,ASO lidar (NSIDC 2013-19),,"SMAP13,tuolum",USCAMB,
Merced Basin,CA,2014-04-29,ASO lidar (NSIDC 2013-19),,"SMAP13,tuolum",USCAMB,
Merced Basin,CA,2015-04-28,ASO lidar (NSIDC 2013-19),,"SMAP13,tuolum",USCAMB,
Merced Basin,CA,2018-04-25,ASO lidar (NSIDC 2013-19),,"SMAP13,tuolum",USCAMB,
Merced Basin,CA,2019-03-29,ASO lidar (NSIDC 2013-19),,"SMAP13,tuolum",USCAMB,
Rush Creek,CA,2015-03-26,ASO lidar (NSIDC 2013-19),,"SMAP13,sierra,tuolum",USCARC,
San Joaquin South Fork (SF),CA,2018-04-23,ASO lidar (NSIDC 2013-19),,"SMAP13,sierra,tuolum",USCASF,
San Joaquin South Fork (SF),CA,2019-03-17,ASO lidar (NSIDC 2013-19),,"SMAP13,sierra,tuolum",USCASF,
San Joaquin Basin,CA,2018-03-04,ASO lidar (NSIDC 2013-19),,"SMAP13,sierra,tuolum",USCASJ,
San Joaquin Basin,CA,2018-04-22,ASO lidar (NSIDC 2013-19),,"SMAP13,sierra,tuolum",USCASJ,
San Joaquin Basin,CA,2019-03-25,ASO lidar (NSIDC 2013-19),,"SMAP13,sierra,tuolum",USCASJ,
Tuolumne Basin,CA,2013-04-03,ASO lidar (NSIDC 2013-19),,"SMAP13,tuolum",USCATB,outside 2014-2021
Tuolumne Basin,CA,2013-04-29,ASO lidar (NSIDC 2013-19),,"SMAP13,tuolum",USCATB,outside 2014-2021
Tuolumne Basin,CA,2014-03-23,ASO lidar (NSIDC 2013-19),,"SMAP13,tuolum",USCATB,
Tuolumne Basin,CA,2014-04-07,ASO lidar (NSIDC 2013-19),,"SMAP13,tuolum",USCATB,
Tuolumne Basin,CA,2014-04-20,ASO lidar (NSIDC 2013-19),,"SMAP13,tuolum",USCATB,
Tuolumne Basin,CA,2014-04-28,ASO lidar (NSIDC 2013-19),,"SMAP13,tuolum",USCATB,
Tuolumne Basin,CA,2015-02-17,ASO lidar (NSIDC 2013-19),,"SMAP13,tuolum",USCATB,
Tuolumne Basin,CA,2015-03-05,ASO lidar (NSIDC 2013-19),,"SMAP13,tuolum",USCATB,
Tuolumne Basin,CA,2015-03-25,ASO lidar (NSIDC 2013-19),,"SMAP13,tuolum",USCATB,
Tuolumne Basin,CA,2015-04-03,ASO lidar (NSIDC 2013-19),,"SMAP13,tuolum",USCATB,
Tuolumne Basin,CA,2015-04-09,ASO lidar (NSIDC 2013-19),,"SMAP13,tuolum",USCATB,
Tuolumne Basin,CA,2015-04-15,ASO lidar (NSIDC 2013-19),,"SMAP13,tuolum",USCATB,
Tuolumne Basin,CA,2015-04-27,ASO lidar (NSIDC 2013-19),,"SMAP13,tuolum",USCATB,
Tuolumne Basin,CA,2016-03-26,ASO lidar (NSIDC 2013-19),,"SMAP13,tuolum",USCATB,
Tuolumne Basin,CA,2016-04-01,ASO lidar (NSIDC 2013-19),,"SMAP13,tuolum",USCATB,
Tuolumne Basin,CA,2016-04-07,ASO lidar (NSIDC 2013-19),,"SMAP13,tuolum",USCATB,
Tuolumne Basin,CA,2016-04-16,ASO lidar (NSIDC 2013-19),,"SMAP13,tuolum",USCATB,
Tuolumne Basin,CA,2016-04-26,ASO lidar (NSIDC 2013-19),,"SMAP13,tuolum",USCATB,
Tuolumne Basin,CA,2017-01-29,ASO lidar (NSIDC 2013-19),,"SMAP13,tuolum",USCATB,
Tuolumne Basin,CA,2018-04-23,ASO lidar (NSIDC 2013-19),,"SMAP13,tuolum",USCATB,
Tuolumne East (TE),CA,2017-01-29,ASO lidar (NSIDC 2013-19),,"SMAP13,tuolum",USCATE,
Tuolumne East (TE),CA,2019-03-24,ASO lidar (NSIDC 2013-19),,"SMAP13,tuolum",USCATE,
Tuolumne East (TE),CA,2019-04-17,ASO lidar (NSIDC 2013-19),,"SMAP13,tuolum",USCATE,
Blue River,CO,2019-04-19,ASO lidar (NSIDC 2013-19),,fraser,USCOBR,
Crested Butte / East River,CO,2016-04-04,ASO lidar (NSIDC 2013-19),,peeler,USCOCB,
Crested Butte / East River,CO,2018-03-30,ASO lidar (NSIDC 2013-19),,peeler,USCOCB,
Castle/Maroon,CO,2019-04-07,ASO lidar (NSIDC 2013-19),,peeler,USCOCM,
Gunnison East / East River,CO,2018-03-31,ASO lidar (NSIDC 2013-19),,peeler,USCOGE,
Gunnison East / East River,CO,2019-04-07,ASO lidar (NSIDC 2013-19),,peeler,USCOGE,
Gunnison Taylor,CO,2018-03-30,ASO lidar (NSIDC 2013-19),,peeler,USCOGT,
Gunnison Taylor,CO,2019-04-08,ASO lidar (NSIDC 2013-19),,peeler,USCOGT,
Rio Grande,CO,2015-04-07,ASO lidar (NSIDC 2013-19),CMR rect clipped to Rio Grande Headwaters watershed (approx),"Slumgl,tellur",USCORG,
Rio Grande,CO,2016-04-03,ASO lidar (NSIDC 2013-19),CMR rect clipped to Rio Grande Headwaters watershed (approx),"Slumgl,tellur",USCORG,
Uncompahgre Basin,CO,2014-03-20,ASO lidar (NSIDC 2013-19),footprint from local product (CMR metadata corrupt),"irnton,tellur",USCOUB,
Animas Basin,CO,2021-04-19,ASO Animas (not in CMR),ASO Animas (not in CMR),"irnton,tellur",USCOAN,
Crested Butte / East River,CO,2020-02-14,"ASO SnowEx20 (East River, flown Feb 14-20)","ASO SnowEx20 (East River, flown Feb 14-20)",peeler,USCOCB,
Dolores Basin,CO,2021-04-20,ASO Dolores (not in CMR; flown Apr 20-21),ASO Dolores (not in CMR; flown Apr 20-21),irnton,USCODL,
Grand Mesa,CO,2017-02-08,ASO SnowEx17; approx footprint,ASO SnowEx17; approx footprint,"GrMesa,grmesa",USCOGM,
Grand Mesa,CO,2017-02-16,ASO SnowEx17; approx footprint,ASO SnowEx17; approx footprint,"GrMesa,grmesa",USCOGM,
Grand Mesa,CO,2017-02-20,ASO SnowEx17 (ASO_3M_SD granule); approx footprint,ASO SnowEx17 (ASO_3M_SD granule); approx footprint,"GrMesa,grmesa",USCOGM,
Grand Mesa,CO,2017-02-21,ASO SnowEx17 (ASO_3M_SD granule); approx footprint,ASO SnowEx17 (ASO_3M_SD granule); approx footprint,"GrMesa,grmesa",USCOGM,
Grand Mesa,CO,2017-02-25,ASO SnowEx17; approx footprint,ASO SnowEx17; approx footprint,"GrMesa,grmesa",USCOGM,
Grand Mesa,CO,2020-02-01,ASO SnowEx20 (flown Feb 1-2),ASO SnowEx20 (flown Feb 1-2),"GrMesa,grmesa",USCOGM,
Grand Mesa,CO,2020-02-13,ASO SnowEx20,ASO SnowEx20,"GrMesa,grmesa",USCOGM,
Gunnison Taylor,CO,2020-02-20,ASO SnowEx20,ASO SnowEx20,peeler,USCOGT,
Senator Beck Basin,CO,2017-02-08,"ASO SnowEx17 Senator Beck/Red Mtn Pass; product not in NSIDC/ASO archives, footprint proxied from 2014 Uncompahgre flight; approx footprint","ASO SnowEx17 Senator Beck/Red Mtn Pass; product not in NSIDC/ASO archives, footprint proxied from 2014 Uncompahgre flight; approx footprint","irnton,tellur",USCOSB,
Uncompahgre Basin,CO,2015-04-30,ASO Uncompahgre (not in CMR),ASO Uncompahgre (not in CMR),"irnton,tellur",USCOUB,
Reynolds Creek,ID,2020-02-18,"ASO SnowEx20 (Reynolds Creek, flown Feb 18-19)","ASO SnowEx20 (Reynolds Creek, flown Feb 18-19)",silver,USIDRC,
Grand Mesa,CO,2020-02-01,QSI lidar Grand Mesa IOP (SNEX20_GM_Lidar),,"GrMesa,grmesa",USCOGM,
Cameron Pass,CO,2021-03-19,QSI lidar 0.5m/3m (SNEX20_QSI_SD[_3m]),,rockmt,USCOCP,
Fraser Experimental Forest,CO,2020-02-11,QSI lidar 0.5m/3m (SNEX20_QSI_SD[_3m]),,fraser,USCOFR,
Fraser Experimental Forest,CO,2021-03-19,QSI lidar 0.5m/3m (SNEX20_QSI_SD[_3m]),,fraser,USCOFR,
Banner Summit,ID,2020-02-18,QSI lidar 0.5m/3m (SNEX20_QSI_SD[_3m]),,lowman,USIDBS,
Banner Summit,ID,2021-03-15,QSI lidar 0.5m/3m (SNEX20_QSI_SD[_3m]),,lowman,USIDBS,
Dry Creek,ID,2020-02-19,QSI lidar 0.5m/3m (SNEX20_QSI_SD[_3m]),,lowman,USIDDC,
Mores Creek Summit,ID,2020-02-09,QSI lidar 0.5m/3m (SNEX20_QSI_SD[_3m]),,"idahos,lowman",USIDMC,
Mores Creek Summit,ID,2021-03-15,QSI lidar 0.5m/3m (SNEX20_QSI_SD[_3m]),,"idahos,lowman",USIDMC,
Little Cottonwood Canyon,UT,2021-03-18,QSI lidar 0.5m/3m (SNEX20_QSI_SD[_3m]),,stlake,USUTLC,
Central Agricultural Research Center (CARC),MT,2021-01-15,Prairie Station UAV-lidar (SNEX21_PS_DSM),snow-off,uticam,CASC,
Central Agricultural Research Center (CARC),MT,2021-01-21,Prairie Station UAV-lidar (SNEX21_PS_DSM),,uticam,CASC,
Central Agricultural Research Center (CARC),MT,2021-01-22,Prairie Station UAV-lidar (SNEX21_PS_DSM),,uticam,CASC,
Central Agricultural Research Center (CARC),MT,2021-01-29,Prairie Station UAV-lidar (SNEX21_PS_DSM),,uticam,CASC,
Central Agricultural Research Center (CARC),MT,2021-02-17,Prairie Station UAV-lidar (SNEX21_PS_DSM),,uticam,CASC,
Central Agricultural Research Center (CARC),MT,2021-02-18,Prairie Station UAV-lidar (SNEX21_PS_DSM),,uticam,CASC,
Central Agricultural Research Center (CARC),MT,2021-02-24,Prairie Station UAV-lidar (SNEX21_PS_DSM),,uticam,CASC,
Central Agricultural Research Center (CARC),MT,2021-03-04,Prairie Station UAV-lidar (SNEX21_PS_DSM),,uticam,CASC,
Mores Creek Summit,ID,2022-02-17,Mores Creek Summit lidar (SNEX_MCS_Lidar),,"idahos,lowman",MCS,outside 2014-2021
Mores Creek Summit,ID,2022-03-17,Mores Creek Summit lidar (SNEX_MCS_Lidar),,"idahos,lowman",MCS,outside 2014-2021
Mores Creek Summit,ID,2022-04-07,Mores Creek Summit lidar (SNEX_MCS_Lidar),,"idahos,lowman",MCS,outside 2014-2021
Mores Creek Summit,ID,2023-02-09,Mores Creek Summit lidar (SNEX_MCS_Lidar),,"idahos,lowman",MCS,outside 2014-2021
Mores Creek Summit,ID,2023-03-16,Mores Creek Summit lidar (SNEX_MCS_Lidar),,"idahos,lowman",MCS,outside 2014-2021
Mores Creek Summit,ID,2023-04-05,Mores Creek Summit lidar (SNEX_MCS_Lidar),,"idahos,lowman",MCS,outside 2014-2021
Mores Creek Summit,ID,2024-01-15,Mores Creek Summit lidar (SNEX_MCS_Lidar),,"idahos,lowman",MCS,outside 2014-2021
Mores Creek Summit,ID,2024-02-13,Mores Creek Summit lidar (SNEX_MCS_Lidar),,"idahos,lowman",MCS,outside 2014-2021
Mores Creek Summit,ID,2024-03-15,Mores Creek Summit lidar (SNEX_MCS_Lidar),,"idahos,lowman",MCS,outside 2014-2021
Mores Creek Summit,ID,2024-04-18,Mores Creek Summit lidar (SNEX_MCS_Lidar),,"idahos,lowman",MCS,outside 2014-2021
Mores Creek Summit,ID,2025-01-13,Mores Creek Summit lidar (SNEX_MCS_Lidar),,"idahos,lowman",MCS,outside 2014-2021
Mores Creek Summit,ID,2025-01-29,Mores Creek Summit lidar (SNEX_MCS_Lidar),,"idahos,lowman",MCS,outside 2014-2021
Mores Creek Summit,ID,2025-04-04,Mores Creek Summit lidar (SNEX_MCS_Lidar),,"idahos,lowman",MCS,outside 2014-2021
